Status,FlaggedWord,Comment
"ALLOWED","None","Great tutor! Very patient and explained everything with clarity."
"ALLOWED","None","He is the best teacher I have ever had. He explains algorithms so well, makes it really easy to understand complex problems. Highly recommended!"
"ALLOWED","None","Excellent class. The real world examples and analogies really helped me grasp the concepts. Thanks a lot!"
"ALLOWED","None","Very friendly and approachable. I felt very comfortable asking questions."
"ALLOWED","None","Amazing debugging skills! He helped me find the bugs in my project and explained the fix in detail."
"ALLOWED","None","Strong math foundations. The calculus equations were well explained."
"ALLOWED","None","Nice."
"ALLOWED","None","The code review was extremely helpful, showed me clean code standards and design patterns."
"ALLOWED","None","Always on time and very professional. He makes the lessons highly structured and organized."
"ALLOWED","None","Loved the hands-on project work. It was useful, practical and relevant to current industry trends."
"ALLOWED","None","His pronunciation focus was great, helped me build fluency and speak more naturally."
"ALLOWED","None","Wonderful session, I learned so many new vocabulary words today."
"ALLOWED","None","Highly knowledgeable and expert in his field. The theory was covered in-depth."
"ALLOWED","None","Really inspiring enthusiasm for the subject. Made me love chemistry!"
"ALLOWED","None","Thank you for the detailed feedback. I know exactly how to improve my essay writing now."
"ALLOWED","None","Superb lab oriented work. Creative approach and very engaging."
"ALLOWED","None","He has a calm teaching style and never rushes. Truly patient."
"ALLOWED","None","Awesome class! The diagrams and visual aids made it so easy to follow."
"ALLOWED","None","Always encourages us to try new things and experiment. Builds confidence."
"ALLOWED","None","dhanyavad sir, mast shikavta tumhi. clear explanation."
"BLOCKED","Muy","Muy bueno! La explicacion fue muy clara y me gusto mucho aprender con este tutor."
"ALLOWED","None","Très bonne session. Le tuteur est très gentil et explique bien les algorithmes."
"ALLOWED","None","Great examples, fast response, very flexible and supportive mentor."
"ALLOWED","None","Perfect explanation of time complexity and data structures."
"ALLOWED","None","Very late class."
"BLOCKED","Worst","Worst service ever. The class was delayed by 30 minutes and the tutor didn't even show up."
"ALLOWED","None","Not good. The explanation was confusing and he did not help at all."
"BLOCKED","Waste","Waste of time and waste of money. I would not recommend this tutor."
"ALLOWED","None","He is always late. Punctuality is zero. Very disappointed."
"ALLOWED","None","Poor communication and very disorganized. The notes were messy and hard to read."
"BLOCKED","The","The explanation was terrible, I understood nothing from the session."
"ALLOWED","None","Not helpful. He just reads from the slides and does not answer any questions."
"BLOCKED","The","The class was very boring and slow. I fell asleep halfway through."
"ALLOWED","None","He has no industry experience, his code is full of errors and bugs."
"BLOCKED","No","No structure, no plan, just a complete waste of time."
"ALLOWED","None","His pronunciation was unclear and he spoke too fast. I couldn't follow."
"BLOCKED","He","He did not give any feedback on my assignment. Terrible experience."
"BLOCKED","The","The chemistry lab was awful. The instructions were completely wrong."
"ALLOWED","None","Muy mala calidad. No lo recomiendo."
"BLOCKED","C'est","C'est nul, perte de temps totale."
"BLOCKED","kharab","kharab class, bekar ahe."
"ALLOWED","None","He is not patient at all, gets angry when I ask him to repeat."
"ALLOWED","None","He didn't explain the logic, he just wrote the code without explaining."
"ALLOWED","None","He didn't prepare the material, he was searching for answers during the class."
"BLOCKED","The","The course was too expensive and not worth the money."
"ALLOWED","None","His explanations are not clear, it just makes me more confused."
"ALLOWED","None","I did not like his approach. It is not practical."
"ALLOWED","None","Poor tutor quality, does not know the subject well."
"ALLOWED","None","The session was covered in 1 hour."
"ALLOWED","None","What is the fee for the science course?"
"ALLOWED","None","How much does a 1 hour session cost?"
"ALLOWED","None","We discussed chapter 4 and solved exercise 2."
"ALLOWED","None","Is the class scheduled for tomorrow at 3 PM?"
"ALLOWED","None","The tutor asked me to buy the textbook for reference."
"ALLOWED","None","We will cover the syllabus in the next two weeks."
"ALLOWED","None","Please share the notes for today's lecture."
"ALLOWED","None","Is this course suitable for beginners?"
"ALLOWED","None","We talked about basic algorithms and data structures."
"ALLOWED","None","The session started exactly at 4 PM."
"ALLOWED","None","How many sessions are remaining in this module?"
"ALLOWED","None","The teacher assigned homework for next week."
"ALLOWED","None","Can we reschedule the session to Wednesday?"
"ALLOWED","None","Which programming language will be used in the technical class?"
"ALLOWED","None","We just read the slides and talked about exam patterns."
"ALLOWED","None","The tutor sent a link for the zoom session."
"ALLOWED","None","Class was normal."
"ALLOWED","None","We went through the syllabus and basic rules."
"ALLOWED","None","Does this tutor teach Python?"
"ALLOWED","None","What is the duration of each class?"
"ALLOWED","None","The session fee is reasonable."
"ALLOWED","None","The lecture was about art history context."
"ALLOWED","None","We solved some practice questions."
"BLOCKED","I","I hate this teacher. He is useless."
"BLOCKED","Worst","Worst teacher ever! I absolutely hate him."
"BLOCKED","This","This tutor is stupid and an idiot."
"BLOCKED","Stupid","Stupid teacher, doesn't know anything, should be fired."
"BLOCKED","He","He is a horrible teacher, useless coach, garbage lessons."
"BLOCKED","I","I hate this class, the tutor is so dumb."
"BLOCKED","Useless","Useless teacher, completely waste of money, hate him."
"BLOCKED","He","He is an idiot. Avoid him at all costs."
"BLOCKED","Terrible","Terrible instructor. I hate his attitude."
"BLOCKED","Worst","Worst tutor, awful teacher, pathetic mentor, hates students."
"BLOCKED","chutiya","chutiya teacher, faltu shikavto."
"BLOCKED","He","He is a stupid fool. Don't waste your time with him."
"BLOCKED","gandu","gandu coach, never comes on time."
"BLOCKED","I","I hate him, worst professor, extremely rude."
"BLOCKED","This","This tutor is trash, absolute rubbish, garbage."
"BLOCKED","bhosdike","bhosdike teacher, late ka yetos class la?"
"BLOCKED","I","I hate this tutor's voice and his stupid face."
"BLOCKED","He","He is an absolute idiot, he knows nothing."
"BLOCKED","Terrible","Terrible tutor. I hate how he explains things."
"BLOCKED","Pathetic","Pathetic teacher, useless class."
"BLOCKED","Worst","Worst mentor. Absolutely hate this guy."
"BLOCKED","He","He is a fool and has zero teaching skills."
"BLOCKED","This","This instructor is garbage and useless."
"BLOCKED","chutiya","chutiya class, worst tutor."
"BLOCKED","I","I hate this stupid tutor."
"ALLOWED","None","Thanks a lot for the help! I finally understand binary search trees."
"ALLOWED","None","Excellent class. The way you explained the difference between SQL and NoSQL was so clear."
"ALLOWED","None","Highly recommend this tutor. He has a lot of patience and went over the topic twice."
"ALLOWED","None","Really loved the interactive coding examples today. It made learning react state very easy."
"ALLOWED","None","Great session! The slides were very clean and well prepared."
"ALLOWED","None","Awesome explanation of dynamic programming. I spent days on this and you made it look simple."
"BLOCKED","The","The tutor was very friendly and encouraging. I felt comfortable asking stupid questions."
"ALLOWED","None","Super helpful feedback on my project. I know exactly what design patterns to implement now."
"ALLOWED","None","Perfect pace for beginners. Thank you for not rushing through the basics."
"ALLOWED","None","Best coding session I've had. Very hands-on and practical."
"ALLOWED","None","Thank you for explaining the math proof in such a simple way. It makes perfect sense now."
"ALLOWED","None","The class was very engaging. I liked how you asked questions to make sure we were following."
"ALLOWED","None","Very knowledgeable and structured. Everything was explained step-by-step."
"ALLOWED","None","mast class hoti sir! clear concept."
"ALLOWED","None","Muchas gracias por la clase. Fue muy útil y clara."
"ALLOWED","None","Très bon prof. Les explications étaient super claires."
"ALLOWED","None","Always prepared and on time. A very professional teacher."
"ALLOWED","None","The analogies used to explain memory leak were brilliant. Very creative teaching style."
"ALLOWED","None","I liked the debugging session. Seeing you fix errors live taught me a lot."
"ALLOWED","None","He has a calm voice and explains everything step-by-step. Very reassuring for anxious students."
"ALLOWED","None","Nice work. The code repo shared after the class is very well documented."
"ALLOWED","None","Very responsive to chat questions. Didn't leave anyone behind."
"ALLOWED","None","Great! I enjoyed the quiz at the end of the session. It helped recap the main points."
"ALLOWED","None","Thanks for staying 5 minutes extra to answer my doubts. Much appreciated!"
"ALLOWED","None","The curriculum is very well designed. Looking forward to the next lesson."
"ALLOWED","None","The audio was lagging a lot during the screen share. I missed half of the class."
"ALLOWED","None","Too fast pace. He didn't wait for us to type the code and just moved on."
"ALLOWED","None","He skipped my question in the chat twice. Disappointed with the support."
"ALLOWED","None","The explanation was confusing. I feel more lost now than before the class."
"ALLOWED","None","The background noise was very loud. It was hard to hear the explanations."
"ALLOWED","None","He was unprepared today. He spent 15 minutes trying to fix his own code during the demo."
"ALLOWED","None","No slides, no notes, no code shared. Very disorganized session."
"BLOCKED","The","The class started 15 minutes late and ended early. Not worth the money."
"ALLOWED","None","Poor explanation of recursion. He just read from the slide and didn't show any diagram."
"ALLOWED","None","Not helpful. He just told me to Google the error instead of explaining why it happened."
"ALLOWED","None","The tutor seemed very bored and kept sighing. Very uninspiring atmosphere."
"ALLOWED","None","This class was way too basic. We spent an hour just installing Python."
"ALLOWED","None","He did not give any feedback on my homework. I don't know if my code is correct."
"ALLOWED","None","Very late response to my queries. Took three days to reply to a simple question."
"BLOCKED","The","The class was very slow and boring. I could not stay focused."
"ALLOWED","None","confusing explanation, not clear."
"ALLOWED","None","No structure at all. He was jumping from one topic to another without context."
"BLOCKED","bekar","bekar class, thik se explain nahi kiya."
"ALLOWED","None","No me gustó. El tutor hablaba demasiado rápido y no se entendía nada."
"BLOCKED","Le","Le cours était très ennuyeux. Le prof ne répondait pas aux questions."
"ALLOWED","None","He gets defensive when someone asks him to clarify things. Not a friendly tutor."
"ALLOWED","None","The examples were too complex and not relevant to the topic."
"ALLOWED","None","I did not receive the notes after the class as promised."
"ALLOWED","None","Poor teaching style. He just shows code and doesn't explain the logic behind it."
"BLOCKED","Waste","Waste of time. I learned nothing new from this session."
"ALLOWED","None","Is there a class tomorrow?"
"ALLOWED","None","Where can I find the recorded video of today's session?"
"ALLOWED","None","What is the fee for the database module?"
"ALLOWED","None","Will we cover docker next week or the week after?"
"ALLOWED","None","How long is each lecture?"
"ALLOWED","None","The class lasted for 50 minutes."
"ALLOWED","None","Do we need to install node before the next session?"
"ALLOWED","None","What textbook are we using for reference?"
"ALLOWED","None","Please share the link for the class notes."
"ALLOWED","None","Is this class suitable for advanced students?"
"ALLOWED","None","We covered loop concepts and basic syntax today."
"ALLOWED","None","Is the homework due on Monday or Tuesday?"
"ALLOWED","None","How many students are there in this batch?"
"ALLOWED","None","Can we get a certificate after completing this course?"
"ALLOWED","None","What is the schedule for next month?"
"ALLOWED","None","We solved two programming exercises during the class."
"ALLOWED","None","Who is the instructor for the frontend class?"
"ALLOWED","None","The session was covered in one hour."
"ALLOWED","None","Can we reschedule the class to 4 PM?"
"ALLOWED","None","Please upload the source code to GitHub."
"ALLOWED","None","Do you teach Java as well?"
"ALLOWED","None","Which editor should we use for writing code?"
"ALLOWED","None","The next lecture is scheduled for Wednesday."
"ALLOWED","None","Is there any prerequisite for the algorithms course?"
"ALLOWED","None","We discussed standard OOP concepts today."
"BLOCKED","He","He is a fool and has zero teaching skills."
"BLOCKED","This","This tutor is a stupid idiot. Avoid him at all costs."
"BLOCKED","Worst","Worst teacher ever! I absolutely hate him."
"BLOCKED","He","He is a useless coach and a complete fool. Waste of money."
"BLOCKED","Stupid","Stupid teacher, doesn't know anything, should be fired."
"BLOCKED","I","I hate this class, the tutor is so dumb and worthless."
"BLOCKED","gandu","gandu coach, never comes on time and is a total fool."
"BLOCKED","chutiya","chutiya teacher, faltu shikavto. block this idiot."
"BLOCKED","He","He is a horrible teacher, useless coach, garbage lessons."
"BLOCKED","bhosdike","bhosdike teacher, late ka yetos class la?"
"BLOCKED","I","I hate him, worst professor, extremely rude and arrogant."
"BLOCKED","This","This tutor is trash, absolute rubbish, garbage."
"BLOCKED","He","He is an absolute idiot, he knows nothing and teaches rubbish."
"BLOCKED","Terrible","Terrible tutor. I hate how he explains things, stupid fool."
"BLOCKED","Pathetic","Pathetic teacher, useless class. Don't waste your time."
"BLOCKED","Worst","Worst mentor. Absolutely hate this guy."
"BLOCKED","This","This instructor is garbage and useless."
"BLOCKED","chutiya","chutiya class, worst tutor."
"BLOCKED","I","I hate this stupid tutor. He is a fool."
"BLOCKED","He","He is a stupid fool. Don't waste your time with him."
"BLOCKED","Avoid","Avoid this coach, he is a fool and does not know anything."
"BLOCKED","stupid","stupid teacher, zero preparation."
"BLOCKED","I","I hate this class and the tutor is a fool."
"BLOCKED","Worst","Worst class ever, tutor is useless and dumb."
"BLOCKED","He","He is an idiot. Avoid him."
"ALLOWED","None","Mast padhaya sir, ekdum clear concept ho gaya."
"BLOCKED","Bahut","Bahut hi bekar class thi, kuch samajh nahi aaya."
"ALLOWED","None","तुमचं शिकवणं खूप छान आहे, सगळं लवकर लक्षात येतं."
"BLOCKED","Kya","Kya samjhaya yaar, bilkul waste of time."
"ALLOWED","None","Grazie mille! Aaj ka session bohot helpful tha."
"BLOCKED","Faltu","Faltu teacher hai, khud ko hi coding nahi aati."
"ALLOWED","None","खूप सुंदर शिकवलंत, धन्यवाद सर."
"BLOCKED","Is","Is tutor se padhke koi fayda nahi, ulta dimag kharab."
"ALLOWED","None","Merci beaucoup, la classe était parfaite et très claire."
"BLOCKED","Mala","Mala ajibaat kahi kalale nahi, class fully bakwas hoti."
"ALLOWED","None","Sir ne itne acche se recursion samjhaya ki maza aa gaya."
"ALLOWED","None","Yeh teacher toh slide padhne wala hai, khud kuch nahi samjha."
"ALLOWED","None","एक नंबर शिकवलं, आम्हाला खूप आवडलं."
"ALLOWED","None","Punctuality ki toh baat mat karo, roz late aata hai."
"ALLOWED","None","Arigato! Aaj ke session ne meri saari confusion door kar di."
"ALLOWED","None","Class lene ka tareeka hi galat hai, bas jaldi jaldi khatam karta hai."
"ALLOWED","None","तुमचे उदाहरण खूप सोपे आणि प्रॅक्टिकल होते, शिकायला मजा आली."
"BLOCKED","Bekaar","Bekaar insaan hai, paise barbaad kar diye."
"ALLOWED","None","Dank je wel! De uitleg was heel duidelijk en nuttig."
"ALLOWED","None","Sirf code likhta hai, logic kya hai yeh nahi batata."
"ALLOWED","None","क्लासमध्ये जे शिकवलं ते सगळं लक्षात राहिलं, खूप छान."
"ALLOWED","None","Bhai isko padhane ka koi experience nahi hai, khud confused tha."
"ALLOWED","None","Muchas gracias, la sesión fue increíble, aprendí mucho."
"BLOCKED","Chutiya","Chutiya teacher hai, class mein galiyaan bakta hai."
"ALLOWED","None","सर, तुम्ही खूप पेशंट आहात, वारंवार समजावून सांगता."
"ALLOWED","None","Itna slow padhata hai ki neend aa jaaye."
"BLOCKED","Súper","Súper clase, el tutor explicó todo con mucha paciencia."
"ALLOWED","None","He is a total fraud, doesn’t know even basic Python."
"ALLOWED","None","Aaj ka session dekh ke toh mera confidence hi boost ho gaya."
"ALLOWED","None","Kya fayda aise teacher ka jo sawaal puchne par chillata hai."
"ALLOWED","None","खूप छान शिकवता, प्रत्येक गोष्ट diagram ने समजावता."
"BLOCKED","Padhane","Padhane ka style itna boring hai ki 5 minute mein mood off."
"ALLOWED","None","Vielen Dank! Die Sitzung war wirklich sehr hilfreich."
"BLOCKED","Isse","Isse accha toh YouTube pe free mein padh leta, paisa waste."
"ALLOWED","None","Sir aapke jaise mentor milna mushkil hai, bahut accha samjhaya."
"ALLOWED","None","Teacher khud subject se pareshan lagta hai, seekhne ki koi umeed mat rakho."
"ALLOWED","None","तुमच्या शिकवण्याने मला विषय आवडायला लागला."
"BLOCKED","Worst","Worst instructor ever, uski awaaz se hi irritation hoti hai."
"ALLOWED","None","Hvala! Objašnjenje je bilo odlično, puno sam naučio."
"BLOCKED","Is","Is bande ne toh mera aaj tak ka record tod diya bakwaas teaching ka."
"ALLOWED","None","Sir ne itne simple tareeke se OOPs samjha diya, ab kabhi nahi bhulunga."
"ALLOWED","None","Aise teacher ko blacklist karo, na preparation hai na knowledge."
"ALLOWED","None","मस्त शिकवलं सर, प्रॅक्टिकल कोडिंग सोबत सगळं समजलं."
"ALLOWED","None","He just googles everything live, bada aaya expert banne."
"ALLOWED","None","Děkuji! Dnešní lekce byla skvělá, děkuji za trpělivost."
"ALLOWED","None","Is tutor ki wajah se coding se nafrat ho gayi hai."
"ALLOWED","None","खूप सुंदर सर, तुमच्या उदाहरणांनी आम्हाला वेगळाच दृष्टिकोन मिळाला."
"BLOCKED","Inka","Inka padhaya hua ek bhi word dimag mein nahi ghusa, bekar."
"BLOCKED","Gracias","Gracias totales, el profe resolvió todas mis dudas con calma."
"ALLOWED","None","Naak mein dum kar deta hai, hamesha jaldi mein class khatam."
"ALLOWED","None","Sir aapne jo design patterns bataye, wo industry mein direct use kiye."
"BLOCKED","Paisa","Paisa dekar yeh tutor lena sabse badi galti thi meri."
"BLOCKED","फारच","फारच सोपं करून सांगितलं, इतकं की आता मलाच शिकवता येईल."
"BLOCKED","He","He is a useless fellow, does not deserve a single rupee."
"ALLOWED","None","Multumesc! Sesiunea a fost foarte interactivă și clară."
"ALLOWED","None","Har baar alag alag topic le aata hai, koi continuity nahi."
"ALLOWED","None","तुमच्या सारखे शिक्षक म्हणजे दुर्मिळ रत्न आहेत, पूर्ण आत्मविश्वास वाढला."
"ALLOWED","None","Class shuru hone se pehle hi pata chal gaya tha ki kuch nahi hone wala."
"ALLOWED","None","Xie xie! The teacher explained the algorithm like a story, very nice."
"BLOCKED","Mic","Mic quality is horrible, and he doesn't even bother to fix it."
"ALLOWED","None","Is mentor ne to meri SQL ki saari problem chutkiyon mein solve kar di."
"BLOCKED","Inka","Inka feedback lena matlab khud ko bewakoof banana hai."
"ALLOWED","None","खूपच अप्रतिम, तुमच्या शिकवण्याने आयुष्य बदलेल."
"ALLOWED","None","Dimag ki dahi kar di, basic cheezein bhi galat bata raha tha."
"ALLOWED","None","Kiitos! Todella selkeä opetus ja hyvät esimerkit."
"ALLOWED","None","Total panauti tutor, jitna door raho utna accha."
"ALLOWED","None","Aaj ka session dekh ke lag raha hai kuch naya seekhne ko mila."
"BLOCKED","Bekaar","Bekaar ki bakwaas, padhai ke naam par fraud hai yeh."
"ALLOWED","None","तुमच्या शिकवण्याची पद्धत लाजवाब आहे, खूप काही शिकायला मिळालं."
"ALLOWED","None","Koi response nahi deta doubt poocho toh, bas apna dekho."
"ALLOWED","None","Danke schön! Die Erklärungen waren sehr praxisnah und verständlich."
"BLOCKED","Ek","Ek number ka gandu teacher hai, class mein sota hai kya?"
"ALLOWED","None","Sir aapne toh calculus ko bachcho ka khel bana diya."
"BLOCKED","Inse","Inse accha toh main khud apne dost ko padha lu, yeh toh nikamma hai."
"ALLOWED","None","व्वा! तुम्ही तर जादू करून दाखवली, एवढं सोपं शिकवलंत."
"ALLOWED","None","Has no knowledge of time complexity, fir bhi algorithms padha raha hai."
"ALLOWED","None","Tänan! Seletus oli väga arusaadav ja interaktiivne."
"BLOCKED","Itna","Itna ghatiya teacher aaj tak nahi dekha, gali dene ka mann karta hai."
"ALLOWED","None","आजच्या क्लासने खरंच खूप मदत झाली, मनापासून धन्यवाद."
"ALLOWED","None","Aise tutor ko report karo, cheating kar raha hai students ke saath."
"ALLOWED","None","Merci chef! C’était une masterclass sur les structures de données."
"ALLOWED","None","Iske padhane se toh stack overflow padhna better hai."
"ALLOWED","None","छान, तुमच्या सांगण्याची पद्धत मला खूप आवडली."
"ALLOWED","None","Clown hai ekdum, maze leta hai students ke."
"ALLOWED","None","спасибо большое, урок был очень полезным и интересным."
"BLOCKED","Chutiyaapa","Chutiyaapa ki bhi had hoti hai, yeh banda toh supreme leader hai bakwaas ka."
"ALLOWED","None","Sir ne jaise linked list reverse karna sikhaya, waah!"
"BLOCKED","Mere","Mere paas shabd nahi hain iski baddooping ke liye, horrible."
"ALLOWED","None","अभ्यासक्रम खूप व्यवस्थित समजावला, पुन्हा अशी क्लास हवी."
"ALLOWED","None","I request everyone, please avoid this tutor, he is a brainless fellow."
"ALLOWED","None","Obrigado! A explicação sobre APIs foi perfeita."
"ALLOWED","None","Isse padhkar koi developer nahi ban sakta, bas time pass karta hai."
"ALLOWED","None","किती सहजपणे तुम्ही डीबगिंग करून दाखवली, मजा आली."
"BLOCKED","Aaj","Aaj ki class mein laga ki paise doob gaye, kuch transfer nahi hua."
"ALLOWED","None","Dziękuję! Sesja była świetna, dużo się nauczyłem."
"BLOCKED","Haramkhor","Haramkhor teacher, hamesha class cancel karta hai last moment pe."
"ALLOWED","None","Aapke jaise mentor ho toh koi bhi language seekhna easy ho jaaye."
"ALLOWED","None","Bewakoofon ki tarah slide padhke chala gaya, kuch samjha nahi."
"ALLOWED","None","मराठी मध्ये शिकवल्यामुळे खूप भारी वाटलं, आपल्या भाषेत ज्ञान मिळालं."
"BLOCKED","He","He is a fraud, a cheater, and a completely waste tutor."
"ALLOWED","None","Kiitos paljon! Ymmärsin vihdoin dynaamisen ohjelmoinnin."
"BLOCKED","Bhadwa","Bhadwa teacher hai, paise leke bhi class skip karta hai."
"ALLOWED","None","Sir ne jo real-world examples diye na, dil jeet liya."
"ALLOWED","None","Aaj ka session sunne ke baad mujhe apne paison ki chinta ho rahi hai."
"ALLOWED","None","खूप छान तयारी करून आलात सर, प्रत्येक concept ची example होती."
"BLOCKED","Is","Is madarchod tutor ne toh pure week ka mood kharab kar diya."
"ALLOWED","None","Grazie per la lezione, tutto molto chiaro e professionale."
"ALLOWED","None","Time pass teacher, bass bakchodi karta hai class mein."
"ALLOWED","None","अभ्यास खूप सोपा वाटू लागला, अशा शिक्षकांमुळे."
"BLOCKED","I","I hate this tutor's attitude, he thinks he knows everything but knows shit."
"ALLOWED","None","спасибо, вы очень понятно объяснили сложную тему."
"ALLOWED","None","Bhai yeh kya majak hai, class ke naam pe muh kala karwa diya."
"ALLOWED","None","Sir aapki teaching style ka koi tod nahi, ek dum jhakaas."
"BLOCKED","Tera","Tera padhaya hua ek din kaam nahi aayega, saala time barbaad."
"ALLOWED","None","फक्त तुमच्यामुळे मला डेटा स्ट्रक्चर्स मध्ये इंटरेस्ट आला."
"BLOCKED","Iske","Iske gale mein ghanta bandh do, aur class se bhaga do."
"ALLOWED","None","Ačiū! Puikiai paaiškinta, labai dėkingas."
"ALLOWED","None","Koi sense nahi hai iske padhane ka, bas screen share karke so jata hai."
"ALLOWED","None","तुमच्या शिकवण्याने आमचं भविष्य घडत आहे, खूप आभार."
"ALLOWED","None","Isse better toh main khud books padh lun, yeh toh bekaar hai."
"ALLOWED","None","Muchas gracias, la clase estuvo genial, todo muy ordenado."
"ALLOWED","None","Chutiyon ki tarah homework diya aur check tak nahi kiya."
"ALLOWED","None","व्वा मराठी मध्ये कोडिंग शिकायला मजा आली, एकदम देसी स्टाइल."
"ALLOWED","None","Not recommended at all, isko tutor bolna band karo, joker bolo."
"ALLOWED","None","Σας ευχαριστώ! Το μάθημα ήταν εξαιρετικό."
"BLOCKED","Bhenchod,","Bhenchod, class ke time pe gutkha kha raha tha camera on karke."
"ALLOWED","None","Sir ne mock interview lekar meri poori tension khatam kar di."
"BLOCKED","Is","Is bewakoof ke padhane se accha koi AI tool use karlo."
"ALLOWED","None","आता वाटतं की प्रोग्रामिंग माझ्यासाठी नाही असं कधीच वाटायचं, फक्त योग्य शिक्षक हवा."
"BLOCKED","He","He is a waste fellow, should be banned from teaching."
"ALLOWED","None","Köszönöm! Nagyon türelmes és alapos tanár."
"BLOCKED","Is","Is laude ke tutor ne toh meri coding ki aisi taisi kar di."
"ALLOWED","None","Sir aapke padhane ka andaaz hi kuch aur hai, thanks a ton."
"ALLOWED","None","Iss tutor ko dekh ke mujhe apna gussa control karna mushkil ho raha."
"ALLOWED","None","फारच छान सर, तुमच्याकडून खूप काही शिकण्यासारखं आहे."
"ALLOWED","None","Rubbish teacher, he doesn't even know how to use an IDE properly."
"ALLOWED","None","감사합니다! 오늘 수업 정말 유익했어요."
"BLOCKED","Harami","Harami teacher, class ke beech mein uthke chala gaya."
"ALLOWED","None","Aaj ki class ne meri JavaScript ki saari galtiyaan sudhaar di."
"BLOCKED","Is","Is chor tutor ne paise to le liye par knowledge zero hai."
"ALLOWED","None","तुमचं शिकवणं म्हणजे एक अनुभव आहे, शब्दांत व्यक्त करू शकत नाही."
"BLOCKED","Is","Is kamine ko padhane ka koi haq nahi, bas fraud hai."
"ALLOWED","None","Grazie infinite, la spiegazione sulla complessità temporale era perfetta."
"BLOCKED","Ghanta","Ghanta kuch ata hai isko, bas English bolne se kya hota hai."
"ALLOWED","None","Sir, aap genuinely ek mentor ho, bas aise hi saath do."
"BLOCKED","Suar","Suar ki tarah padhata hai, na tameez na tarika."
"ALLOWED","None","खूपच सोपं आणि सोप्या उदाहरणांनी शिकवलंत, शतशः धन्यवाद."
"BLOCKED","Beware","Beware of this tutor, he is a scammer and a complete idiot."
"ALLOWED","None","Terima kasih! Penjelasannya sangat jelas dan membantu."
"BLOCKED","Is","Is nalayak ne mera exam ka time kharab kar diya galat guidance dekar."
"ALLOWED","None","Aaj ka Java session sunkar lagta hai ab switch karna asaan hoga."
"ALLOWED","None","Naam ka tutor hai, kaam ka zero, attitude full."
"ALLOWED","None","तुमच्या मुळे मशीन लर्निंग मला आता सोपं वाटतं."
"BLOCKED","Bencho,","Bencho, itna ghatiya explain kiya ki dimag ka fuse udd gaya."
"ALLOWED","None","Thank you so much! The debugging tips were gold."
"ALLOWED","None","Iss ke tutorials dekh ke lagta hai isko khud seekhna chahiye."
"ALLOWED","None","सगळे doubts एकदम clear केले, कोणतीही घाई नव्हती."
"ALLOWED","None","Kachra teacher, kachra content, kachra experience."
"ALLOWED","None","Multumesc din suflet! Sesiunea a fost exact ce aveam nevoie."
"ALLOWED","None","Is haraami ne class late join ki aur jaldi chhod di, poora fraud."
"ALLOWED","None","Sir aap jo padhate ho wo seedha dimag mein chhapa jaata hai."
"BLOCKED","Itna","Itna ganda padhata hai ki galti se bhi recommend nahi karunga."
"ALLOWED","None","उत्तम, आता मी स्वतः कोड लिहू शकतो आत्मविश्वासाने."
"BLOCKED","Totally","Totally pathetic, iski class lene ke baad mujhe bukhar aa gaya."
"ALLOWED","None","Merci, vous êtes le meilleur prof que j’ai jamais eu."
"BLOCKED","Madarchod","Madarchod teacher, bolta hai “easy hai” par khud confuse ho jata hai."
"ALLOWED","None","आमच्या सरांनी खूप मेहनत घेतली, खूप कृतज्ञ आहे."
"BLOCKED","Bhen","Bhen ke takke, isko padhana nahi aata bas bakwaas karta hai."
"ALLOWED","None","Danke, Sie haben mir wirklich geholfen, das Konzept zu verstehen."
"ALLOWED","None","Is tutor se padhna matlab apni akal pe tala lagana."
"ALLOWED","None","Sir aapne exceptions handling ko itna simple bana diya ki wah."
"ALLOWED","None","Jhaant bhar ka knowledge nahi hai aur attitude dekho iska."
"ALLOWED","None","फार भारी शिकवलंत, एकदम पर्फेक्ट पेस."
"ALLOWED","None","I will make sure no one joins this fraud tutor’s class."
"ALLOWED","None","спасибо за помощь, очень хороший преподаватель."
"ALLOWED","None","Bhai isne toh mere concepts hi hila diye galat cheezein bata ke."
"ALLOWED","None","Aaj ka class dekh ke lagta hai ki is subject mein career bana sakta hun."
"ALLOWED","None","Iske jaise tutor ko toh jail honi chahiye, cheating kar raha hai."
"ALLOWED","None","खूप आवडली तुमची शिकवण्याची पद्धत, उत्साहाने शिकवता."
"BLOCKED","Besharam","Besharam tutor, galti pakdo toh excuse dene lagta hai."
"ALLOWED","None","Köszönöm szépen, nagyszerű magyarázat volt."
"BLOCKED","Saala","Saala jab class mein aata hai toh lagta hai kyun aaya."
"ALLOWED","None","Sir aapka padhaya hua aaj bhi yaad hai, itna accha session tha."
"BLOCKED","Is","Is nikamma aadmi ko teaching line se nikalo yaar."
"ALLOWED","None","तुमचे आभार, खूप छान शिकवलंत आणि प्रोत्साहन दिलंत."
"ALLOWED","None","Chodu teacher, 10 minute bina ruke slide padhke bhaag gaya."
"ALLOWED","None","Muito obrigado, professor! A explicação foi excelente."
"BLOCKED","Iske","Iske paas na skill hai na patience, bas paisa kamaana chahta hai."
"ALLOWED","None","Tumchya muule mala React shikayla bhari vatala, dhanyavaad!"
"ALLOWED","None","Gade murde ukhad diye is tutor ne, kabhi mat join karo."
"ALLOWED","None","Gracias, el profesor es muy amable y profesional."
"BLOCKED","Lalchi","Lalchi insaan hai, sirf paise se matlab hai, quality ki maa-behen."
"ALLOWED","None","सर, तुमची शिकवण्याची स्टाईल एकदम युनिक आहे, खूप शिकलो."
"ALLOWED","None","Aaj kal ke tutor bhi na, bas fraud aur timepass."
"ALLOWED","None","Děkujeme! Bylo to skvělé, hodně jsme se naučili."
"ALLOWED","None","Chomu teacher, khud ki typing speed 0 hai aur humein sikhaega."
"ALLOWED","None","Aapke wajah se aaj maine REST API khud likhi, thank you."
"BLOCKED","Kutta","Kutta bhi isse achha padha le, itna useless hai."
"ALLOWED","None","आजचं सेशन ऐकून खूप आनंद झाला, सगळं क्लियर झालं."
"ALLOWED","None","Aaj ka session next level tha, ekdum zaakaas padhaya."
"ALLOWED","None","Sir, aapne toh binary tree itna easily samjha diya, maza aa gaya."
"ALLOWED","None","तुमचं शिकवणं म्हणजे सोनं आहे, फार सोपं वाटतं सगळं."
"ALLOWED","None","Itne patiently doubts clear kiye na, dil khush ho gaya."
"ALLOWED","None","Bhai, tera teaching style ekdum alag hai, 10/10."
"ALLOWED","None","Madame, vous êtes incroyable, l'explication était parfaite."
"ALLOWED","None","खूप सुंदर शिकवलंत, आता कोडिंगची भीतीच गेली."
"ALLOWED","None","Maja aa gaya, ekdum practical approach se samjhaya."
"ALLOWED","None","The way you explained recursion with stack diagram was 🔥"
"ALLOWED","None","Sir aapke jaise tutor mil jaaye toh koi bhi exam crack ho sakta hai."
"ALLOWED","None","तुम्ही खूप सोपं करून सांगता, प्रत्येक लहान मूल शिकू शकेल."
"ALLOWED","None","I was about to quit coding, but your class revived my confidence."
"ALLOWED","None","Kya mast live debugging kari, ab khud bugs pakad leta hoon."
"ALLOWED","None","Ce professeur est génial, tout devient clair après la session."
"ALLOWED","None","खरंच सर, तुमच्यामुळे प्रोग्रामिंग माझ्यासाठी आता खेळ वाटतो."
"ALLOWED","None","Is mentor ne toh data science ko bachchon ka khel bana diya."
"ALLOWED","None","Waah sir, object oriented programming ki toh pooch mat, top samjaya."
"ALLOWED","None","Dil se thank you, aapne hard topic ko halwa bana diya."
"ALLOWED","None","तुमचं वर्णन करायला शब्द अपुरे पडतील, खूप छान शिकवता."
"ALLOWED","None","Sirf ek session mein poori machine learning pipeline clear kar di."
"ALLOWED","None","Aaj tak itna systematic approach nahi dekha, amazing sir."
"ALLOWED","None","L’insegnante è molto paziente, ho imparato tantissimo."
"ALLOWED","None","बहुत बढ़िया, आपने तो कॉन्सेप्ट की गागर में सागर भर दिया।"
"ALLOWED","None","Tumchya shikavnya mule mala developer banaychi iccha aali."
"ALLOWED","None","Superb, ab mujhe API integration karte time koi darr nahi."
"ALLOWED","None","आजची क्लास म्हणजे जत्राच होती ज्ञानाची."
"ALLOWED","None","Sir aap sach mein God gifted teacher ho, har cheez seedhi dimag mein utri."
"ALLOWED","None","Mich hat diese Erklärung sehr geholfen, vielen herzlichen Dank."
"ALLOWED","None","Yeh tutor nahi, walking Wikipedia hai, knowledge ki koi seema nahi."
"ALLOWED","None","तुम्ही मला शिकायला प्रवृत्त केलं, हाच खरा शिक्षकाचा गुण."
"ALLOWED","None","Aapke examples hamesha industry relevant hote hain, boht kaam ke."
"ALLOWED","None","Kya baat hai, itna complex SQL query itne simple way mein samjhaya."
"ALLOWED","None","توضیح عالی بود، خیلی ممنون از این جلسه خوب."
"ALLOWED","None","आता तर मी कोडिंग चॅलेंज सहज सोडवू शकतो, धन्यवाद."
"ALLOWED","None","Mentor ne toh code review mein poori zindagi ke best practices sikha di."
"ALLOWED","None","Sir, aapka intonation aur pace lajawab hai, ek second bhi bore nahi hua."
"ALLOWED","None","Muy buen profesor, el ritmo de la clase es perfecto."
"ALLOWED","None","सर, तुमच्यासारखा शिक्षक प्रत्येकाला मिळावा, पूर्ण आत्मविश्वास मिळाला."
"ALLOWED","None","Is session ke baad lagta hai main full stack developer ban sakta hoon."
"ALLOWED","None","Thank you for the extra worksheet, usne aur clarity di."
"ALLOWED","None","बहुतेक शंका आपोआप सुटतात तुमचं शिकवणं ऐकताना."
"ALLOWED","None","Kya solid explanation tha Docker ka, aaj tak aise nahi samjha."
"ALLOWED","None","Ihr seid ein fantastischer Lehrer, ich verstehe jetzt alles."
"ALLOWED","None","Har class mein kuch na kuch naya seekhne ko milta hai, best teacher."
"ALLOWED","None","सर, तुमची teaching म्हणजे एक उत्तम कलाकृती आहे."
"ALLOWED","None","Aaj ka graph theory ka session ek dum crystal clear tha."
"ALLOWED","None","Ben je een geweldige tutor, de voorbeelden zijn heel herkenbaar."
"ALLOWED","None","Tumchya muule mi git commands shiklo, atta confidently use karto."
"ALLOWED","None","Full marks to you sir, aap hamesha encourage karte ho."
"ALLOWED","None","انا سعید جدا، جلسة ممتازة واستفدت كثیرا."
"ALLOWED","None","Aaj ka class kitne baje start hoga?"
"ALLOWED","None","Sir, project submission ki last date kya hai?"
"ALLOWED","None","Is course mein itne modules hain aur syllabus kya hai?"
"ALLOWED","None","कृपया आजची स्लाईड्स शेअर करू शकता का?"
"ALLOWED","None","Humein agle week ka test hai ya nahi?"
"ALLOWED","None","क्लासची रेकॉर्डिंग मिळेल का नंतर?"
"ALLOWED","None","Kya aap weekend batch bhi lete ho?"
"ALLOWED","None","Sir, fees EMI mein pay kar sakte hain kya?"
"ALLOWED","None","कृपया मला डाउट सेशनचा वेळ सांगा."
"ALLOWED","None","Kya main ek demo class le sakta hoon join karne se pehle?"
"ALLOWED","None","Assignments evaluate hone mein kitna time lagta hai?"
"ALLOWED","None","या मॉड्यूलसाठी कोणती बुक लागेल सर?"
"ALLOWED","None","Humein project ke liye group banane hain ya individual kaam karna hai?"
"ALLOWED","None","Sir, aap konsa IDE use karne ko bol rahe the?"
"ALLOWED","None","कोर्स पूर्ण झाल्यावर सर्टिफिकेट मिळेल का?"
"ALLOWED","None","Aaj ki class mein humne sirf introduction cover kiya."
"ALLOWED","None","Class ki duration 1.5 ghante ki hai ya 2 ghante?"
"ALLOWED","None","मला हा टॉपिक समजला नाही, पुढच्या क्लास मध्ये रिपीट करू शकता?"
"ALLOWED","None","Sir, aap live project bhi karwate ho kya?"
"ALLOWED","None","Kal subah ki class confirm hai ya reschedule hogi?"
"ALLOWED","None","कृपया आपल्या टीमचा कॉन्टॅक्ट नंबर द्या."
"ALLOWED","None","Homework discussion kab hogi?"
"ALLOWED","None","Can I get the solutions of today's practice sheet?"
"ALLOWED","None","Sir, backend ke liye konse frameworks cover honge?"
"ALLOWED","None","ह्या कोर्सची पात्रता काय आहे?"
"ALLOWED","None","Aaj class mein thoda network issue tha, kuch miss ho gaya."
"ALLOWED","None","Sir, kya hum Python 3.11 use kar sakte hain?"
"ALLOWED","None","आज पावसामुळे इंटरनेट डाऊन होतं, session rejoin nahi kar paya."
"ALLOWED","None","Is course ke baad placement assistance milti hai kya?"
"ALLOWED","None","Sir ne chapter 5 start kar diya kya aaj?"
"ALLOWED","None","Group discussion ke liye alag session hoga?"
"ALLOWED","None","धन्यवाद, मला आजचे नोट्स पाठवा प्लीज."
"ALLOWED","None","Sir, evaluation criteria kya hai final project ka?"
"ALLOWED","None","Mid-term mein theory zyada hogi ya practical?"
"ALLOWED","None","Sir, aap weekdays mein morning batch lenge?"
"ALLOWED","None","Next class mein hum log JavaScript start karenge?"
"ALLOWED","None","Kya aapke paas recorded crash course available hai?"
"ALLOWED","None","Sir ne aaj jo commands likhi thi, wo share kardo."
"ALLOWED","None","माझं अकाउंट अजून activate झालं नाही, काय करू?"
"ALLOWED","None","Sir, internals ke marks kab tak update honge?"
"ALLOWED","None","Kya ek baar pura roadmap phir se samjha sakte ho?"
"ALLOWED","None","आपला क्लास रूम लिंक तोच राहील ना?"
"ALLOWED","None","Sir, can we do a quick revision of last topic before starting new?"
"ALLOWED","None","मी आजची क्लास miss केली, काय शिकवलंत?"
"ALLOWED","None","Final exam online hoga ya offline?"
"ALLOWED","None","Sir, aap kaunsa database prefer karte ho real project mein?"
"ALLOWED","None","Class ka schedule share kar dijiye please."
"BLOCKED","Yeh","Yeh topic thoda mushkil lag raha hai, extra material denge aap?"
"ALLOWED","None","Sir, kya main apna laptop leke aa sakta hoon lab mein?"
"ALLOWED","None","आजच्या सेशनचा main takeaway kya tha?"
"BLOCKED","Bilkul","Bilkul bakwas class, kuch bhi samaj nahi aaya."
"ALLOWED","None","Sir ne aaj apna mood thik karne ke liye humein daant diya."
"ALLOWED","None","Is tutor se padhna time ki barbaadi hai, kuch sikhne ko nahi milta."
"ALLOWED","None","हा शिक्षक फक्त स्वतःची स्तुती करत राहिला, पढ़ाई काहीच नाही."
"ALLOWED","None","Bhai, isko padhane ki jagah cooking channel kholna chahiye."
"BLOCKED","Boring","Boring class, aadhe ghante mein neend aa gayi."
"ALLOWED","None","Is mentor ka communication skill hi nahi hai, bas muh mein supari leke baitha tha."
"BLOCKED","सरांनी","सरांनी स्वतः कोड करून दाखवलाच नाही, फक्त स्लाईड पाठवली."
"BLOCKED","Isse","Isse achha toh main ChatGPT se seekh loon, paisa waste."
"ALLOWED","None","या शिक्षकाला बोलता येत नाही, सगळं फास्ट फास्ट सांगून पळाला."
"ALLOWED","None","Class mein aake sirf apni success stories suna raha tha."
"ALLOWED","None","Inka knowledge toh outdated hai, naye frameworks ka naam tak nahi pata."
"ALLOWED","None","Sir ne doubt puchne par chillaya, bahut badtameez insaan hai."
"BLOCKED","अरे","अरे बापरे, काय शिकवलं हे, स्वतःलाच कन्फ्युज होता."
"ALLOWED","None","Aaj toh bas time pass hua, code ki ek line bhi nahi likhi gayi."
"ALLOWED","None","Is teacher ke notes dekh ke aankhen dukh gayi, aise messy."
"ALLOWED","None","Overpriced course, return on investment zero."
"ALLOWED","None","हा ट्युटर फालतू आहे, फक्त पेमेंट लेते वक्त गोड बोलतो."
"ALLOWED","None","Session ke beech mein uthke chai peene chala gaya, very unprofessional."
"ALLOWED","None","English toh theek se bol leta nahi, angreji ki class le raha tha."
"ALLOWED","None","ह्याने आजवर जे शिकवलं त्याचा कधी उपयोगच झाला नाही."
"ALLOWED","None","I regret taking this course, bekaar experience."
"ALLOWED","None","Sir hamesha apne ego mein rehte hain, feedback sunne ko taiyar nahi."
"ALLOWED","None","बंद करो यार, 2 घंटे फालतू की बकैती, कोई concept नहीं।"
"ALLOWED","None","Aaj ka class dekh ke lagta hai isko teaching line chhod deni chahiye."
"ALLOWED","None","Iss tutor ko khud coding nahi aati, galtiyaan pakad nahi paata."
"ALLOWED","None","Naak se bol raha tha, aadhi awaaz samaj nahi aayi."
"ALLOWED","None","काय हे शिक्षक आहे, प्रश्न विचारला तर टोमणे मारतो."
"ALLOWED","None","Totally disorganized, lagta hai class se 5 minute pehle utha tha."
"ALLOWED","None","Maze se so gaya hoga ye banda class ke beech mein, aawaz nahi aayi 10 minute tak."
"BLOCKED","मी","मी एका वर्षाचे पैसे दिले, आता पश्चाताप होतोय."
"ALLOWED","None","Is se acha freeCodeCamp se seekh lo, kuch matlab nahi iska."
"ALLOWED","None","Galat code likh ke dikhaya, fir blame mic pe daal diya."
"ALLOWED","None","ह्याला शिकवायची लायकी नाही, फसवतो विद्यार्थ्यांना."
"BLOCKED","Class","Class shuru hote hi boring lagne lagti hai, isse energetic bande ki zaroorat hai."
"ALLOWED","None","Lecture mein koi flow nahi, randomly topics chune ja rahe the."
"ALLOWED","None","He kept his camera off whole time, pata nahi padha raha tha ya so raha tha."
"ALLOWED","None","बेकार, एक भी नया टॉपिक नहीं करवाया, पिछले का रिवीजन बता के छोड़ दिया।"
"ALLOWED","None","Sirf chat mein “ok”, “good” likhta hai, baaki questions ignore."
"BLOCKED","I","I will never recommend this tutor to my worst enemy."
"ALLOWED","None","Ye padhane ka tareeka hai ya sone ka, saans leta hua sunai deta tha."
"ALLOWED","None","काय शिकवतोस भाई, अरे हा मास्तर नाही जोकर आहे."
"ALLOWED","None","Concept zero, confidence full – isse buri combination kya hogi."
"ALLOWED","None","Unprepared aata hai, Google karta hai live, sharam nahi aati."
"ALLOWED","None","Galti se bhi inke paas mat jana, meri tarah pachtaoge."
"ALLOWED","None","Poora time bas bolta raha “this is very easy”, par samjhaya kuch nahi."
"ALLOWED","None","लेक्चर सुनके लगा के आज डिप्रेशन हो जाएगा, इतना नकारात्मक माहौल।"
"BLOCKED","Isko","Isko paisa deke maine apni hi beizzati karwa li."
"ALLOWED","None","Full charge leke aaya tha, beech mein socket se wire nikal gaya literally aur metaphorically."
"BLOCKED","Na","Na to subject aata hai, na to tameez hai, bas bakwaas."
"ALLOWED","None","Merci pour cette magnifique session, tout était très logique."
"ALLOWED","None","Ho apprezzato molto la tua pazienza, insegnante fantastico."
"ALLOWED","None","बहुत बढ़िया, aaj ka session kuch hatke tha."
"BLOCKED","Gracias","Gracias por la ayuda con los ejercicios, muy práctico."
"ALLOWED","None","Dank u voor de duidelijke uitleg over multithreading."
"ALLOWED","None","شكرا جزيلا، الدرس كان فوق الممتاز."
"ALLOWED","None","Dhanyavaad sir, microservices ka concept aaj clear hua."
"ALLOWED","None","Grazie per aver risposto a tutte le mie domande, sei il migliore."
"ALLOWED","None","Tänan teid väga, väga hea selgitus."
"ALLOWED","None","Merci beaucoup, la structure du cours est excellente."
"ALLOWED","None","Obrigado pela aula, você explica muito bem."
"ALLOWED","None","Köszönöm a türelmet, végre megértettem a grafokat."
"ALLOWED","None","Mulțumesc, sesiunea de azi a fost perfectă."
"ALLOWED","None","Dziękuję bardzo, wszystko jest teraz jasne."
"ALLOWED","None","सर, तुमचं बोलणं ऐकून इंग्रजी बोलायला बिनधास्त झालो."
"ALLOWED","None","Kiitos paljon, loistavaa opetusta!"
"ALLOWED","None","Terima kasih banyak, caranya mengajar sangat menyenangkan."
"ALLOWED","None","Hvala lijepa, sve je bilo super objašnjeno."
"ALLOWED","None","Ačiū už pagalbą, dabar viskas aišku."
"ALLOWED","None","Grazas pola paciencia, esta sesión foi incrible."
"ALLOWED","None","धन्यवाद सर, आपण आज जे शिकवलं ते कायम लक्षात राहील."
"ALLOWED","None","Vielen lieben Dank, die Sitzung war wundervoll."
"ALLOWED","None","Mahadev, etna tagda session, kya baat hai!"
"ALLOWED","None","Grazie infinite, spiegazione impeccabile."
"ALLOWED","None","Merci chef, la session était du feu."
"ALLOWED","None","Khup sundar, mi aaj first time code run kela, maja aali."
"ALLOWED","None","Dankon! La sesio estis tre utila kaj bone strukturita."
"ALLOWED","None","Diolch yn fawr, roedd y wers yn wych."
"ALLOWED","None","Xвала пуно, објашњење је било одлично."
"ALLOWED","None","Σας ευχαριστώ, μου αρέσει πολύ η μέθοδός σας."
"ALLOWED","None","Misaotra betsaka, tena nahazo fahalalana vaovao aho."
"ALLOWED","None","Ngiyabonga, isifundo besimnandi kakhulu."
"ALLOWED","None","JazakAllah, bohot acha samjhaya aapne."
"ALLOWED","None","बहुत खूब, आप जैसा उस्ताद मिलना नसीब की बात है।"
"ALLOWED","None","Cảm ơn, buổi học rất bổ ích và dễ hiểu."
"ALLOWED","None","Sir aapki vajah se pehli baar competitive programming mein interest aaya."
"ALLOWED","None","I’m so glad I found this tutor, best decision ever."
"ALLOWED","None","What a phenomenal mentor, ekdum high level quality."
"ALLOWED","None","Aaj ka class dekh ke pata chala ki teacher wahi hai jo bina padhe bhi padha de."
"ALLOWED","None","Ye session kisi motivational video se kam nahi tha, keep it up sir."
"ALLOWED","None","G.O.A.T status for this teacher, seriously."
"ALLOWED","None","Felt like I was in a live tech startup, hands-on to the core."
"ALLOWED","None","Ustad ne toh algorithms ki chai bana di, mast."
"ALLOWED","None","Yeh bande mein kuch khaas baat hai, padhate waqt energy alag."
"ALLOWED","None","He made me fall in love with clean architecture, jhakkas."
"ALLOWED","None","No one can beat this tutor’s clarity, truly blessed."
"ALLOWED","None","Ab mujhe lagta hai main kisi bhi codebase ko samajh sakta hoon."
"ALLOWED","None","Thank you for not giving up on me, sir. Bohat bada support tha."
"ALLOWED","None","After this class, I feel unstoppable in problem solving."
"ALLOWED","None","Bas itna kehna chahta hoon – dil jeet liya aapne, sir."
"BLOCKED","Behenchod","Behenchod kitna ghatiya padhata hai, ek laude ka concept nahi samjha."
"BLOCKED","Tere","Tere jaise madarchod tutor ki class lene se achha main YouTube dekh loon."
"ALLOWED","None","Bhen ke lode, tune aaj tak khud code likha hai?"
"BLOCKED","Randi","Randi ke bachche, paise liye aur class mein ghanta kuch nahi karaya."
"BLOCKED","Saale","Saale harami, teri wajah se mera project fail ho gaya."
"BLOCKED","Tere","Tere se achha to mera kutta padha le, suar ki aulad."
"ALLOWED","None","Chinal ke pille, doubt poocho to muh bana leta hai."
"BLOCKED","Bhadwi","Bhadwi ki aulad, teri English bhi ghatiya hai, padhane aaya hai angrezi."
"BLOCKED","Gandu","Gandu kahin ka, itna bekar explanation ki dimag ki maa chud gayi."
"ALLOWED","None","Tere se padhna matlab apni zindagi jhaant bhar ki karna."
"BLOCKED","Maa","Maa ki chut teri, 2 ghante ka time waste aur kuch nahi."
"BLOCKED","Behen","Behen ka lavda, itna overconfident hai jaise coding ka baap hai."
"BLOCKED","Bhadve,","Bhadve, tujhe padhana nahi aata, bas paisa chura raha hai."
"BLOCKED","Teri","Teri gaand mein programming ghusa de, chodu kahin ka."
"BLOCKED","Saali","Saali randi ke aulaad, tujhse better main khud padh loon."
"BLOCKED","Madarchod,","Madarchod, class shuru hote hi screen freeze karke so gaya."
"BLOCKED","Teri","Teri maa ka bhosda, kabhi aata nahi time pe, sala nikamma."
"ALLOWED","None","Bhen ke takke, tera teaching style dekh ke thook aata hai."
"ALLOWED","None","Choot ke baal, teri examples dekh ke mereko ulti aa gayi."
"ALLOWED","None","Saale napunsak, tujh mein dum nahi hai padhane ka."
"BLOCKED","Tere","Tere jaise teacher ki wajah se students suicide karte hain, haramkhor."
"BLOCKED","Kutte","Kutte ki jhaant, tera knowledge toh mera left hand bhi beat kar de."
"BLOCKED","Gaand","Gaand mein ghus ke mar ja, bekar tutor kahi ka."
"ALLOWED","None","Tere ko chhod, main toh ab apne aap ko seekh lunga, bhosdiwale."
"ALLOWED","None","Teri behen ka bhosda, tune aaj tak ek kaam ka concept nahi padhaya."
"BLOCKED","Lodu","Lodu teacher, tu khud stack overflow se copy karta hai aur humein sikhaega?"
"BLOCKED","Tere","Tere muh se sirf bakwaas nikalti hai, padhai zero, attitude full."
"BLOCKED","Saala","Saala kai baar bola ki mic theek kar, bhosdike sunai nahi deta."
"BLOCKED","Teri","Teri maa ki chut, paisa leke bhi class beech mein chhod kar bhag gaya."
"ALLOWED","None","Chutmarike, tera accent sun ke cancer ho jayega."
"ALLOWED","None","Jhantu teacher, tujhe dekh ke lagta hai ki tu khud bheekh maang raha hai."
"BLOCKED","Teri","Teri aukaat nahi hai padhane ki, gand mein lele apni degree."
"ALLOWED","None","Naapunsak admi hai tu, jo ek sawaal nahi jhel sakta."
"ALLOWED","None","Tere teaching ke chode, mujhe ab coding se nafrat ho gayi."
"BLOCKED","Behan","Behan ke laude, tera har sentence gali jaisa lagta hai."
"BLOCKED","Bhenchod,","Bhenchod, tu sach mein ek chutiya hai, samjha? Chutiya!"
"BLOCKED","Teri","Teri gaand phaad dunga agar dubara class miss kiya to, madarchod."
"ALLOWED","None","Chhakke, tu apna gender confirm kar pehle, padhane layak nahi hai."
"ALLOWED","None","Mujhe teri shakal dekh ke hi gussa aata hai, bhosdiwale."
"BLOCKED","Tere","Tere baap ne paida karte waqt hi teri maa ki chut mein aag laga di hogi."
"ALLOWED","None","Saali naagin, tu aur tera course dono zeher hain."
"BLOCKED","Tere","Tere se achha mera tatti padh leta hai, gobar ke keede."
"BLOCKED","Laude","Laude ka teacher, khud 10th pass lagta hai, fraud sala."
"BLOCKED","Tujhe","Tujhe kisi ne bola tha tutor banne? Randi ke jhande."
"ALLOWED","None","Teri aankh mein aankh daal ke bolta hoon, tu ek failure hai."
"BLOCKED","Gand","Gand marna seekh pehle, phir class lena."
"BLOCKED","Behen","Behen chod, itna chutiya hai ki example bhi galat deta hai."
"BLOCKED","Teri","Teri maa ki burr mein jhaant bhar ka bhi knowledge nahi hai tujhme."
"ALLOWED","None","Bhadwi, tera feedback dekh ke mujhe aansoo aa gaye."
"ALLOWED","None","Madarjaat, 5 saal ka bachcha bhi tujhse achha code kar leta hai."
"BLOCKED","Jhaantu","Jhaantu barabar, na talent na patience, bas apni gaand marwa raha hai."
"BLOCKED","Choduram,","Choduram, teri awaz sunte hi mood kharab ho jata hai."
"BLOCKED","Tera","Tera course purchase karke maine apni maa chudwa li, behen ke laude."
"ALLOWED","None","Teri bhen ki choot, tera screen share dekh ke meri aankh jal gayi."
"BLOCKED","Bhadwe,","Bhadwe, tune class ke beech mein apna porn link share kar diya, madarchod."
"ALLOWED","None","Saale kutiya ke pille, teri jagah gutter mein hai class nahi."
"BLOCKED","Tere","Tere jaisa nikamma insaan dharti pe bojh hai, bhosdiwale."
"BLOCKED","Tere","Tere jaise teacher ko jail mein daalna chahiye, fraud hai sala."
"BLOCKED","Gaand","Gaand ka andha, code mein error dikhaya toh muh chupa liya."
"BLOCKED","Teri","Teri behen ki burr, maine apni poori salary ka chutiya kata tujhe dekar."
"BLOCKED","Maa","Maa ka doodh piya hai to aur gaaliyaan kha, nahi to nikal lavde."
"BLOCKED","Bhen","Bhen ki takki, tera course dekh ke mera lund bhi ro diya."
"BLOCKED","Chut","Chut ke deewane, kabhi notes share karta nahi, bas apni chala raha hai."
"BLOCKED","Randi","Randi ke bachche, tujhe report karke teri naukri khatam karwa dunga."
"ALLOWED","None","Teri maa ka bhosda, tu ek number ka thug hai."
"BLOCKED","Suar","Suar ke baal, teri teaching ka koi mol nahi, muft mein bhi nahi chahiye."
"BLOCKED","Tere","Tere jaise teachers ka katega, sale kat gaya na mera? Gandu."
"BLOCKED","Kutiya","Kutiya ke thook se apni class dhoya kar, chut ke pujari."
"BLOCKED","Tere","Tere se toh sadak chhap bhi achha samjha le, bhadva sala."
"BLOCKED","Teri","Teri behen ki choot mein coding ghusa, behen ke laude."
"BLOCKED","Gaand","Gaand mein bambu de ke teri class ki maa chod dunga."
"ALLOWED","None","Saali haramzaadi, tune meri zindagi barbaad kar di."
"ALLOWED","None","Mera haath jod ke keh raha hoon, maa chuda apni class leke."
"BLOCKED","Tere","Tere jaise teacher ke paas jaane se pehle sochna chahiye tha, gaand fat gayi meri."
"ALLOWED","None","Bhen ke tatte, ek bhi concept clear nahi hota, ulta confuse karta hai."
"ALLOWED","None","Teri aukaat bas itni hai ki tu jhaant barabar kaam kar sake."
"BLOCKED","Laude","Laude lag gaye mere tere session join karke, tatti kha ke mar."
"ALLOWED","None","Tere maa baap ne tujhe paida karke galti ki, bhosdiwale."
"ALLOWED","None","Behen ke daane, tujhe dekh ke lagta hai kyun paida hua tha."
"BLOCKED","Gaandu","Gaandu no. 1, tujh mein sharam naam ki koi cheez nahi."
"ALLOWED","None","Teri class leke maine apni mental health ki maa behen karwa li."
"BLOCKED","Randi","Randi ke jhaant, tu khud ek joke hai, teacher kya banega."
"BLOCKED","Saale","Saale haramkhor, tu bachchon ka future barbaad kar raha hai."
"BLOCKED","Meri","Meri maa chud gayi teri class join karke, maa ki chut teri."
"BLOCKED","Kutte","Kutte ke bachche, kabhi padhane ke liye material nahi laata, bas time pass."
"BLOCKED","Bhadvi","Bhadvi sala, tera course content dekh ke meri gaand phat gayi."
"BLOCKED","Chut","Chut ke pasine mein tair ke aaya tha kya? Itna bekar explanation."
"ALLOWED","None","Tera har ek word sunne se cancer hota hai, laanat hai tujhpe."
"BLOCKED","Teri","Teri maa ki yoni mein keede lag jaaye, itna ghatiya teacher tu hai."
"BLOCKED","Gand","Gand mein ungli kar ke apna course promote mat kar."
"BLOCKED","Teri","Teri chutad pe laat marun, bhosdike note to sahi se likh."
"BLOCKED","Bhen","Bhen ke jhaantu, tujhe padhana sirf apni gaand dikhane ke liye aata hai."
"BLOCKED","Mere","Mere paise kha gaye tune, teri maa ko bhej mere paas, hisaab chukta karunga."
"BLOCKED","Saala","Saala chutkaat, tera mic itna bekar ki mera kaan behra ho gaya."
"BLOCKED","Tere","Tere se padhkar main job chhod dunga, behen ke laude teacher."
"BLOCKED","Gaand","Gaand mara apni class, main toh doosra tutor dekhunga."
"ALLOWED","None","Teri bhen ki choot mein keeda, tujhe kisine degree di kaise?"
"BLOCKED","Ma","Ma ke laude, tera explanation mere tatti se bhi ganda hai."
"BLOCKED","Tere","Tere jaise chutiye ko main apni gaand dikha ke apni class bechun?"
"BLOCKED","Chutiya","Chutiya hai tu, shakal dekh apni, padhana tujhe aata nahi, bas gaand chat."
"BLOCKED","Teri","Teri maa ko chod chod ke tera baap banaya, phir bhi tu akal nahi aaya."
"BLOCKED","Bhen","Bhen ke laude, tera session dekh ke mereko apni gaand mein jhaant bhar ka interest nahi raha."
"BLOCKED","Laude","Laude ka baal, tera dimag tatti se bhi ganda."
"BLOCKED","Teri","Teri maa ki burr mein haathi ka lund, itna bada fraud tu."
"ALLOWED","None","Bhadwi ki choot, tera lecture dekh kar mera khada bhi nahi hota, sudhar ja."
"BLOCKED","Tere","Tere se achha main freecodecamp se seekh loon, bhosdike."
"BLOCKED","Chut","Chut ke dhakkan, tera poora syllabus mere notebook se copy kiya hua hai."
"ALLOWED","None","Saale hijde, teri awaaz sun ke lagta hai na mard hai na aurat."
"BLOCKED","Teri","Teri maa ka gang rape karega tu class aise chala ke, madarchod."
"ALLOWED","None","Beti chod, tune to poori coding community ki maa behen kar rakhi hai."
"BLOCKED","Ghanta","Ghanta kuch nahi aata tujhe, bas apni gaand marwa ke course bech raha hai."
"ALLOWED","None","Teri behen ke doodh pi ke bhi aaya hota to kuch seekh leta, ab pachta raha hoon."
"ALLOWED","None","Maadarchod, tujhe report kar diya maine, ab dekhte hain tera kya hoga."
"BLOCKED","Saale","Saale gandu, tera demo lecture dekh ke mera dimag kharab ho gaya."
"BLOCKED","Tere","Tere maa baap ne tera naam kya rakha tha, 'chutiya'?"
"ALLOWED","None","Bhen ke takke, main ab apna review dalunga har jagah, teri watt lag jaayegi."
"BLOCKED","Saale","Saale harami, tera class lene se achha main sadak pe baith ke bheek maang loon."
"BLOCKED","Randi","Randi ke bachche, tujhe dekh ke lagta hai tu hi chakka hai."
"BLOCKED","Tere","Tere jaise teachers ki maa ki chut mein aag laga doon main."
"ALLOWED","None","Kutiya ki aulad, ek baar aur class miss kiya to tera ghar jala dunga."
"BLOCKED","Teri","Teri gaand mein laal mirchi powder bhar doonga, class ke naam pe masti karta hai?"
"BLOCKED","Bhadwa,","Bhadwa, tu apni biwi ko bhej de, woh tujhse achha padha degi."
"BLOCKED","Tere","Tere lund mein dum nahi hai, session chala ke dikha."
"BLOCKED","Saala","Saala naag, teri saans leti hui awaz aati hai, band kar class."
"BLOCKED","Behen","Behen chod, teri fees dekh ke laga tu gold rate pe padha raha hai, madarchod."
"ALLOWED","None","Tere padhane ka style dekh ke mera aatma hatiya karna chahta hai."
"BLOCKED","Maa","Maa chud gayi teri aur teri class ki, dono ek samaan bekar."
"ALLOWED","None","Bhen ke lawde, tu sach mein ek bekaar insaan hai."
"BLOCKED","Tera","Tera code dekh ke mera visual studio crash ho gaya, itna ghatiya."
"BLOCKED","Choot","Choot maarunga teri class ki, aise bekar logon ko teacher banate kyun hain?"
"ALLOWED","None","Bhadwi ki bachchi, tera astitva hi ek galti hai."
"ALLOWED","None","Tujhe dekh ke mera virya jal gaya, itna gussa aaya."
"BLOCKED","Randi","Randi ki aulaad, tu class shuru karte hi apni maa chudwa ke baitha hai."
"BLOCKED","Teri","Teri maa ka doodh nahi piya hoga tune, gandu."
"ALLOWED","None","Bhen ke tatte, teri video quality dekh ke meri aankh ki roshni chali gayi."
"BLOCKED","Saale,","Saale, tujhe padhana nahi aata toh sanyasi ban ja, chutiya."
"BLOCKED","Mera","Mera suar ka bachcha bhi tujhse achha samjha le, laude."
"BLOCKED","Teri","Teri maa ki chut ki maang teri class se bhari hai, bhosdike."
"ALLOWED","None","Tere jaise chutmarike ko main apni zindagi mein dobara face nahi karunga."
"BLOCKED","Gaand","Gaand mein bambu, tera session dekh ke mera mood poora kharab."
"BLOCKED","Ma","Ma ke laude, tu khud apni maa chuda le, phir padhana."
"ALLOWED","None","Teri bahen ki mangni mein tereko nachaunga, haramzaade."
"BLOCKED","Tujhse","Tujhse behtar toh mera tatti bhi nahi karta, chutiye."
"BLOCKED","Laude,","Laude, teri toh poonch bhi nahi hai, teacher banne chala hai."
"ALLOWED","None","Tere jaise maadarchod ko dekh ke muh se khoon aata hai."
"ALLOWED","None","Chudi pahan ke aaya kar, aadmi wali feel nahi aati tujhse."
"BLOCKED","Teri","Teri class dekh ke mera muh sukh gaya, paani de, bhenchod."
"BLOCKED","Bhadvi,","Bhadvi, tera har example gand mein dalo."
"ALLOWED","None","Saali, tera lecture sunkar main behra ho jaaunga, microphone khareed le."
"BLOCKED","Teri","Teri maa ki burr mein gadhe ka lund, itna bada chutiya tu."
"ALLOWED","None","Behen ke jhaant, tu school ke bachchon ko bhi nahi padha sakta."
"BLOCKED","Tere","Tere se padhna matlab apni gaand khud marwana."
"BLOCKED","Loda","Loda teacher, tujhe kisi ne seriously liya hi kyun?"
"BLOCKED","Maa","Maa ki chut, tu wahi teacher hai jo bachchon ko fail karta hai."
"BLOCKED","Suar","Suar ki aulad, teri wajah se meri coding journey khatam ho gayi."
"BLOCKED","Tera","Tera gand mein haath daal ke bhi knowledge nahi nikalega."
"BLOCKED","Saala","Saala napunsak, teri aankh mein dum nahi hai doubt answer karne ki."
"ALLOWED","None","Tujhme itni aukaat nahi ki tu mere saamne tik sake, behenchod."
"ALLOWED","None","Teri class ke chode, ab main is field mein kuch nahi karunga, dara diya tune."
"BLOCKED","Saali","Saali randi, tujhe report karne ke baad bhi ye platform kuch nahi karega."
"BLOCKED","Bhen","Bhen ke laude, teri har baat sunne ke baad suicidal thoughts aate hain."
"ALLOWED","None","Tere jaise chutiyon ke liye jail honi chahiye, fraud karna crime hai."
"BLOCKED","Ghanta","Ghanta kuch aata nahi, bas apni gaand marwa ke 5 star review maangta hai."
"ALLOWED","None","Maadarchod, tune meri ek saal ki mehnat ki maa chod di."
"BLOCKED","Tera","Tera dimag sirf tatti se bhara hai, isliye code nahi likh paata."
"ALLOWED","None","Saale kutiya ke pille, tera teaching block kara doon main."
"ALLOWED","None","Behan ke tatte, tu khud ek parasite hai, society ka."
"ALLOWED","None","Teri maa ka bhosda, ab teri class band karwa ke rahunga."
"BLOCKED","Mera","Mera haath chhod apni gaand mein ungli kar, bhosdike."
"ALLOWED","None","Teri aankh kaala kar doon, class late aata hai."
"BLOCKED","Saala,","Saala, itna bada fraud ki teri maa bhi tujhse sharminda hogi."
"BLOCKED","Choot","Choot ke naam pe kuch aur samajh raha tha kya? Tu bas ek lund hai."
"BLOCKED","Bhadwe,","Bhadwe, tera course content mere tatti se bhi purana hai."
"BLOCKED","Tujhse","Tujhse achha main ek taile hue lund ko tutor bana loon."
"BLOCKED","Teri","Teri behen ka choot mein hathoda ghusa, bhosdike."
"ALLOWED","None","Laanat hai tujhpe, teri class ka naam sunke hi ulti aati hai."
"BLOCKED","Randi","Randi ke bachche, tu aur tera pura khandaan bekar hai."
"BLOCKED","Tere","Tere jaise haramkhor ko dekh ke mera khoon khaulata hai."
"BLOCKED","Maa","Maa chud gayi teri, itna time waste kiya, ab teri maa bhi nahi bacha sakti."
"BLOCKED","Saale,","Saale, tera course refund karna nahi to teri gaand se paise nikalunga."
"BLOCKED","Bhen","Bhen ke laude, tu apni maa ko padha ke dikha pehle, phir dusron ko."
"BLOCKED","Teri","Teri gaand mein coding ghusa, aur apna muh band rakh."
"BLOCKED","Chutiye,","Chutiye, teri class ke baad mujhe lagta hai main kuch nahi seekh sakta, confidence barbaad kar diya."
"BLOCKED","Saali","Saali bhadvi, tera jaisa koi aur nahi, sabse ghatiya tutor."
"ALLOWED","None","Tere jaise ko tutor bana kar is platform ne apni maa chudwa rakhi hai."
"BLOCKED","Tere","Tere muh se gaali alag nikalti hai, padhai alag, saala confuse kar deta hai."
"BLOCKED","Bhadwa","Bhadwa sala, tu class me aake apna ghar ka drama suna raha tha."
"ALLOWED","None","Tera har ek second ki class mere liye mental torture thi."
"BLOCKED","Ma","Ma ke laude, itna ganda padhata hai ki ab main coding chhor raha hoon."
"BLOCKED","Teri","Teri maa ki choot mein aag, tu aur tera teaching career dono jale."
"BLOCKED","Chut","Chut ke sadma, tera explanation dekh ke mera code fat gaya."
"ALLOWED","None","Behen ke jhaant, teri theory sunke main ro diya."
"BLOCKED","Tujhe","Tujhe ghanta farak nahi padta, padha ya na padha, paisa leke bhaag jaata hai."
"ALLOWED","None","Teri aankh ke neeche ka kaala dekh ke pata chalta hai raat bhar kya karta hai, bhadve."
"BLOCKED","Saale","Saale harami, tera session dekh ke mera pet kharab ho gaya."
"ALLOWED","None","Bhen ke takke, tera naam sunke hi gaali nikal jaati hai."
"ALLOWED","None","Meri maa behen pe mat aa, nahi to teri khopdi tod doonga, chutmarike."
"BLOCKED","Teri","Teri class ki maa ki aankh, dubara kabhi na loon main."
"BLOCKED","Tera","Tera jaisa teacher mile toh insaan pagal ho jaaye."
"BLOCKED","Suar","Suar ki paidayish, tujhe science nahi aati hai, bas apni suna raha hai."
"ALLOWED","None","Behen ke daane, tu apne course ke reviews khud likhta hai kya?"
"BLOCKED","Chut","Chut ke pujari, tu har jagah bas apni phaila raha hai."
"BLOCKED","Teri","Teri maa ki burr mein goli maaroonga, itna ghatiya session."
"ALLOWED","None","Bhadwi ki aulaad, tune apni maa ko bhej diya hota to zyada seekh milti."
"BLOCKED","Laude","Laude lag gaye mere, tune to mere career ki gaand maar di."
"BLOCKED","Chut","Chut ke saudagar, tera communication skills toh bhikhari se bhi bekar."
"BLOCKED","Gaandu,","Gaandu, teri company ka CEO tujhe nikaal dega agar yeh review padh liya to."
"BLOCKED","Saala,","Saala, tune meri life ka pehla investment kiya tha, sab lund pe rakh diya."
"BLOCKED","Teri","Teri maa ki choot mein plastic surgery kara de, bekar cheez hai tu."
"BLOCKED","Bhen","Bhen ke laude, tera course dekh ke mera laptop bhi hang ho gaya."
"BLOCKED","Tere","Tere jaise chutiye teacher ko dekh ke aaj bhi gussa aata hai."
"BLOCKED","Mera","Mera pura paisa vasool karne ke liye teri gaand bech doon main."
"ALLOWED","None","Teri behen ka bhosda, tu apne baap se bhi seekh sakta tha, usse bhi nahi seekha."
"ALLOWED","None","Saale, main teri class ka naam zubaan pe nahi launga, sharam aati hai."
"ALLOWED","None","Bhadva, tujhe kisi ne seriously liya, woh unki galti hai."
"BLOCKED","Maa","Maa ke laude, tu khud ko expert bolta hai, expert hota to class nahi leta."
"ALLOWED","None","Teri class ki maa chud chuki hai, ab tu bhi chup chaap mar ja."
"BLOCKED","Tera","Tera har ek sentence bekar, tu khud ek failure example hai."
"BLOCKED","Saali","Saali randi, teri fees dekh ke mere pair kaanp gaye the."
"ALLOWED","None","Bhen ke jhaant, teri playlist dekh ke lagta hai tu sangeet ki class de raha hai."
"BLOCKED","Tere","Tere se padhkar main ne apni mental health ki chinta chhod di, kyunki tu usse bhi bekar hai."
"BLOCKED","Behenchod,","Behenchod, aaj bhi teri yaad aati hai to gussa aata hai, madarchod."
"ALLOWED","None","Choot ke saudagar, tu apna course band kar aur kisi kaam ka nahi hai."
"ALLOWED","None","Maadarchod, teri class dekh ke mera aatmavishwas zero ho gaya."
"ALLOWED","None","Teri maa ka bhosda, tujhe report karna mera farz hai."
"ALLOWED","None","Saale, tera to existence hi ek crime hai."
"BLOCKED","Gand","Gand mein dum hai to reply kar, nahi to apni gaand mara, bhosdiwale."
"ALLOWED","None","Bhen ke takke, tera teaching style 'chutiyaapa' ki dictionary mein define karna chahiye."
"ALLOWED","None","Tu apni maa ko leke mere paas aa, main khud padha doonga, aur tu dekh."
"BLOCKED","Teri","Teri class ki maa ki aankh, tu sach mein ek failed experiment hai."
"BLOCKED","Saali","Saali kutte ki mauth marega tu, bharosa nahi hai."
"BLOCKED","Teri","Teri har ek harkat se lagta hai tu paidaish se hi nikamma hai."
"BLOCKED","Laude,","Laude, teri awaaz sunte hi mera mood off, tu best hai negativity failane mein."
"ALLOWED","None","Bhadwi, tu aur teri class dono gayab ho jaao, koi nahi royega."
"BLOCKED","Tujhe","Tujhe dekh ke mujhe apna astitva achha lagta hai, itna ghatiya tu hai."
"BLOCKED","Randi","Randi ke bachche, tere jaise teachers ki vajah se padhai ka matlab badnaam hua hai."
"ALLOWED","None","Bhen ke lode, ab main teri class ka review har jagah copy-paste karunga."
"BLOCKED","Teri","Teri gaand phaad dunga, abhi message karta hoon, madarchod."
"ALLOWED","None","Chutmarike, tune meri zindagi ke 2 ghante chura liye, laanat ho tujhpe."
"BLOCKED","Teri","Teri maa ko chodne ka mann karta hai, itna gussa aata hai teri class se."
"ALLOWED","None","Saale haramzaade, tera pura course leak kar doon main free mein, fir dekhi teri aukaat."
"ALLOWED","None","Behen ke takke, tu bhool mat ki teri asli aukaat kya hai, ek number ka joker."
"BLOCKED","Tere","Tere jaisa chutiya insaan duniya mein sirf ek baar milta hai, aur woh tu hai."
"BLOCKED","Teri","Teri class dekh ke main coding ki duniya chhod ke kheti karne laga, dhanyavad madarchod."
"ALLOWED","None","Maa chud gayi teri aur teri puri family ki, tujhe paida karne se pehle tera baap muth maar leta to achha tha."
"BLOCKED","Saale,","Saale, itni ghatiya class ke baad main pagal ho gaya, ilaaj kara raha hoon."
"BLOCKED","Tere","Tere jaise teacher ki maa ki chut mein ghoda ghusa doon, jaanwar."
"BLOCKED","Bhen","Bhen ke laude, tu phir se class mat liyo, nahi to tera data leak kar doonga."
"ALLOWED","None","Choot ke baal, tujhse milke pata chala ki insaan kitna neech ho sakta hai."
"BLOCKED","Gaandu,","Gaandu, teri photo dekh ke mera mood kharab ho gaya, review likh raha hoon."
"ALLOWED","None","Laanat ho tujhpe aur us din pe jab tune teaching start ki."
"BLOCKED","Teri","Teri maa ki yoni mein keede pade, tu duniya ka sabse ghatiya tutor hai."
"ALLOWED","None","Behenchod, aaj bhi tera naam sunke jee karta hai gala daba doon."
"BLOCKED","Saale,","Saale, tera course kharidna matlab apne paise jalaana, bhen ke takke."
"BLOCKED","Bhadvi","Bhadvi ki aulad, tune class ke beech mein apni gaand khujlaayi, camera on tha."
"BLOCKED","Teri","Teri maa ka doodh piya to madarchod aisa hi banta hai, seekh le."
"BLOCKED","Chut","Chut ke dhakkan, tu khud ki zindagi mein kuch nahi ukhaad sakta, bas dusron ka time kharab."
"BLOCKED","Saali","Saali randi, teri teaching ki maa behen, maa ki chut teri."
"ALLOWED","None","Bhen ke jhaant, tu sach mein ek chodne layak cheez nahi hai."
"ALLOWED","None","Tere se padhke main ab atheist ho gaya, bhagwan nahi hai, nahi to tujhe bana deta?"
"BLOCKED","Ma","Ma ke laude, tera dimag chut ke andar hai, padhane ke liye bahar nikal."
"BLOCKED","Bhadwa,","Bhadwa, tera course bechne ka tareeka dekh ke lagta hai bhookha mar raha hai."
"ALLOWED","None","Tera class leke main apni aatma ki maa behen kar aaya, ab shanti se review likh raha hoon."
"BLOCKED","Chutiye,","Chutiye, teri gaand mein aag laga doon, tu aur tera gutter ka course."
"BLOCKED","Teri","Teri maa ki choot mein hathoda, tera har concept bekar."
"ALLOWED","None","Saale, tujhse milke lagta hai duniya mein sabse bada fraud tu hi hai."
"ALLOWED","None","Behen ke takke, tera saara content leaked hai, ab sab free mein seekhenge."
"ALLOWED","None","Tere se padhna matlab apne aap ko mental asylum bhejna."
"BLOCKED","Bhosdike,","Bhosdike, teri class ki recording viral kar doon, log dekh ke thookenge."
"ALLOWED","None","Maadarchod, teri vajah se mera interview fail, tujhe kabhi maaf nahi karunga."
"BLOCKED","Saala","Saala hijda, tujhe dekh ke lagta hai na tera koi ling hai na knowledge."
"BLOCKED","Teri","Teri maa ki burr mein missile daal doon, itna ghatiya tutor."
"BLOCKED","Randi","Randi ke bachche, tera course dekh ke meri biwi ne divorce le liya (joke apart, tu bekar hai)."
"ALLOWED","None","Choot ke naam pe tune apni maa bech di, bhadve."
"ALLOWED","None","Teri class ke baad mujhe apni life se nafrat ho gayi, dhanyavad bhosdiwale."
"BLOCKED","Laude,","Laude, ab tu apni gaand bacha ke rakh, main aa raha hoon teri profile pe."
"BLOCKED","Bhen","Bhen ke laude, tu apni maa ki shadi kar le, bachche paida karke unhe bhi bekar padhayega."
"ALLOWED","None","Saali bhadwi, teri aankh mein dum nahi hai, phir bhi attitude dikhati hai."
"BLOCKED","Tere","Tere jaise ke liye toh gaali bhi kam hai, saale napunsak chutiye."
"BLOCKED","Maa","Maa ki chut teri, tune mere sapno ki coding ki maa chod di."
"ALLOWED","None","Behenchod, ab tera har platform se account suspend karwaunga, ruk tu."
"ALLOWED","None","Teri maa ka bhosda, ab teri class chhod main coding ki duniya mein aaya, tujhe dekh ke seekha ki teacher aise nahi hote."
"ALLOWED","None","Chutmarike, tera review likhte likhte meri ungli dard kar rahi hai, itna gussa hai."
"ALLOWED","None","Saale, teri wajah se main apna career badal raha hoon, tujhe kya pata kitna nuksan kiya."
"ALLOWED","None","Bhadwi ki aulaad, tu khud ek mahaan error hai."
"BLOCKED","Teri","Teri maa ki choot mein apni class ghusa de, bhag yahan se."
"BLOCKED","Gandu,","Gandu, tera pura existence ek dank joke hai."
"BLOCKED","Tujhse","Tujhse behtar toh ek bot padha dega, saala bekaar insaan."
"ALLOWED","None","Behan ke tatte, teri teaching dekh ke mera dil toot gaya, ab kabhi class nahi loonga."
"ALLOWED","None","Maadarchod, teri class ke baad main 2 din tak roya, tu khush ho?"
"BLOCKED","Teri","Teri maa ki burr mein radiation daal doon, haramzaade."
"ALLOWED","None","Choot ke pujari, tu mera career kha gaya, ab teri baari hai."
"BLOCKED","Bhen","Bhen ke laude, main tujhe bhool nahi paunga, par tujhe dekhna nahi chahta."
"BLOCKED","Saala,","Saala, teri aukaat jhaant bhar bhi nahi, tu ek virus hai."
"ALLOWED","None","Teri maa ka bhosda, ab tera course bechna band karwa ke rahunga."
"ALLOWED","None","Behen ke jhaant, tera code dekh ke mera brain freeze ho gaya, tujhe padhana band karna chahiye."
"ALLOWED","None","Tere jaise tutor ko dekh ke sharam aati hai ki main bhi insaan hoon."
"BLOCKED","Chutiye,","Chutiye, teri class ki aisi taisi, ab main khud padh loonga."
"BLOCKED","Saale,","Saale, teri wajah se mere gharwale mujhpe haste hain ki paisa waste kiya."
"ALLOWED","None","Maadarchod, teri aankh phod doon agar dubara ad dikha to."
"BLOCKED","Teri","Teri maa ki choot mein current lagaa doon, bhen ke laude."
"BLOCKED","Bhadva,","Bhadva, tu apni class apni gaand mein daal, maine toh chhod di."
"BLOCKED","Laude","Laude ke baal, tu dharti par bojh hai, mar ja suar ki aulad."
"BLOCKED","Tere","Tere jaise chutiyon ki vajah se online education ki reputation kharab hai."
"BLOCKED","Gaandu,","Gaandu, tera lecture dekh ke lagta hai ki tu paid janwar hai."
"BLOCKED","Behen","Behen ke takke, tera pura curriculum tatti ke barabar hai."
"BLOCKED","Saali","Saali randi, teri fees ke paise se apni maa ka ilaaj kara, madarchod."
"BLOCKED","Teri","Teri maa ko bhej, main usse padh leta hoon, tu to bekar hai."
"ALLOWED","None","Choot ke naam pe apni behen ko promote kar raha tha kya, bhadwe?"
"BLOCKED","Tere","Tere class ki maa chod di maine, review likh ke, bhosdike."
"BLOCKED","Bhen","Bhen ke laude, ab tu bhi jaanta hai tu kitna ghatiya hai."
"BLOCKED","Maa","Maa ki chut, tera astitva mita doon online se, saale fraud."
